Форма звіту,Розділ / Секція,Код статті,Назва статті звітності,Кормотех (Початок / Попередній / Складова),Кормотех (Кінець / Звітний / Разом),Нова Пошта (Початок / Попередній / Складова),Нова Пошта (Кінець / Звітний / Разом),Одиниця виміру
Ф1. Баланс,I. Необоротні активи,1000,Нематеріальні активи (залишкова вартість),1 192,1 307,78 381,101 388,тис. ₴
Ф1. Баланс,I. Необоротні активи,1001,Первісна вартість нематеріальних активів,3 734,4 371,274 050,327 360,тис. ₴
Ф1. Баланс,I. Необоротні активи,1002,Накопичена амортизація нематеріальних активів,2 542,3 064,195 669,225 972,тис. ₴
Ф1. Баланс,I. Необоротні активи,1005,Незавершені капітальні інвестиції,13 775,68 772,2 230 261,1 118 305,тис. ₴
Ф1. Баланс,I. Необоротні активи,1010,Основні засоби (залишкова вартість),619 068,579 146,14 269 099,16 300 417,тис. ₴
Ф1. Баланс,I. Необоротні активи,1011,Первісна вартість основних засобів,958 627,993 652,20 300 793,25 076 971,тис. ₴
Ф1. Баланс,I. Необоротні активи,1012,Знос основних засобів,339 559,414 506,6 031 694,8 776 554,тис. ₴
Ф1. Баланс,I. Необоротні активи,1015,Інвестиційна нерухомість,—,—,0,—,тис. ₴
Ф1. Баланс,Баланс,1016,Рядок 1016,—,—,0,—,тис. ₴
Ф1. Баланс,Баланс,1017,Рядок 1017,—,—,0,—,тис. ₴
Ф1. Баланс,I. Необоротні активи,1020,Довгострокові біологічні активи,—,—,0,—,тис. ₴
Ф1. Баланс,Баланс,1021,Рядок 1021,—,—,0,—,тис. ₴
Ф1. Баланс,Баланс,1022,Рядок 1022,—,—,0,—,тис. ₴
Ф1. Баланс,I. Необоротні активи,1030,Довгострокові фінансові інвестиції (за методом участі в капіталі),—,—,0,—,тис. ₴
Ф1. Баланс,I. Необоротні активи,1035,Інші довгострокові фінансові інвестиції,—,—,7 445 582,7 688 980,тис. ₴
Ф1. Баланс,Баланс,1036,Рядок 1036,—,—,0,—,тис. ₴
Ф1. Баланс,I. Необоротні активи,1040,Довгострокова дебіторська заборгованість,—,—,0,—,тис. ₴
Ф1. Баланс,I. Необоротні активи,1045,Відстрочені податкові активи,—,—,224 993,275 914,тис. ₴
Ф1. Баланс,Баланс,1050,Рядок 1050,—,—,0,—,тис. ₴
Ф1. Баланс,Баланс,1060,Рядок 1060,—,—,0,—,тис. ₴
Ф1. Баланс,Баланс,1065,Рядок 1065,—,—,0,—,тис. ₴
Ф1. Баланс,I. Необоротні активи,1090,Інші необоротні активи,65 998,72 207,299 960,162 435,тис. ₴
Ф1. Баланс,I. Необоротні активи,1095,Усього за розділом I (Необоротні активи),700 033,721 432,24 548 276,25 647 439,тис. ₴
Ф1. Баланс,II. Оборотні активи,1100,Запаси,678 759,805 604,398 124,473 387,тис. ₴
Ф1. Баланс,II. Оборотні активи,1101,Виробничі запаси,366 654,508 599,374 606,462 965,тис. ₴
Ф1. Баланс,II. Оборотні активи,1102,Незавершене виробництво,6 424,6 704,0,—,тис. ₴
Ф1. Баланс,II. Оборотні активи,1103,Готова продукція,154 391,143 795,0,—,тис. ₴
Ф1. Баланс,II. Оборотні активи,1104,Товари,151 290,146 506,23 518,10 422,тис. ₴
Ф1. Баланс,II. Оборотні активи,1110,Поточні біологічні активи,—,—,0,—,тис. ₴
Ф1. Баланс,Баланс,1115,Рядок 1115,—,—,0,—,тис. ₴
Ф1. Баланс,Баланс,1120,Рядок 1120,—,—,0,—,тис. ₴
Ф1. Баланс,II. Оборотні активи,1125,"Дебіторська заборгованість за продукцію, товари, роботи, послуги",681 142,803 970,1 640 041,2 370 875,тис. ₴
Ф1. Баланс,II. Оборотні активи,1130,Дебіторська заборгованість за розрахунками з бюджетом,232 509,360 987,191 580,374 753,тис. ₴
Ф1. Баланс,II. Оборотні активи,1135,Дебіторська заборгованість за виданими авансами,14 800,8 243,54 495,48 330,тис. ₴
Ф1. Баланс,II. Оборотні активи,1136,Дебіторська заборгованість з нарахованих доходів,4 431,—,0,—,тис. ₴
Ф1. Баланс,Баланс,1140,Рядок 1140,—,—,1 679 191,271 235,тис. ₴
Ф1. Баланс,Баланс,1145,Рядок 1145,—,—,0,—,тис. ₴
Ф1. Баланс,II. Оборотні активи,1155,Інша поточна дебіторська заборгованість,677,1 425,10 615,13 239,тис. ₴
Ф1. Баланс,II. Оборотні активи,1160,Поточні фінансові інвестиції,—,—,90 032,299 724,тис. ₴
Ф1. Баланс,II. Оборотні активи,1165,Гроші та їх еквіваленти,66 978,3 254,2 902 009,4 195 286,тис. ₴
Ф1. Баланс,II. Оборотні активи,1166,Гроші в касі,—,—,0,—,тис. ₴
Ф1. Баланс,II. Оборотні активи,1167,Гроші на рахунках у банках,66 978,3 254,2 774 315,4 029 525,тис. ₴
Ф1. Баланс,II. Оборотні активи,1170,Витрати майбутніх періодів,3 130,4 873,71 430,129 811,тис. ₴
Ф1. Баланс,Баланс,1180,Рядок 1180,—,—,0,—,тис. ₴
Ф1. Баланс,Баланс,1181,Рядок 1181,—,—,0,—,тис. ₴
Ф1. Баланс,Баланс,1182,Рядок 1182,—,—,0,—,тис. ₴
Ф1. Баланс,Баланс,1183,Рядок 1183,—,—,0,—,тис. ₴
Ф1. Баланс,Баланс,1184,Рядок 1184,—,—,0,—,тис. ₴
Ф1. Баланс,II. Оборотні активи,1190,Інші оборотні активи,13 063,8 940,0,—,тис. ₴
Ф1. Баланс,II. Оборотні активи,1195,Усього за розділом II (Оборотні активи),1 691 058,1 997 296,7 037 517,8 176 640,тис. ₴
Ф1. Баланс,III. Необоротні активи,1200,"Необоротні активи, утримувані для продажу",—,—,0,—,тис. ₴
Ф1. Баланс,АКТИВ,1300,БАЛАНС (АКТИВИ),2 391 091,2 718 728,31 585 793,33 824 079,тис. ₴
Ф1. Баланс,I. Власний капітал,1400,Зареєстрований (пайовий) капітал,9 000,9 000,4 654,4 654,тис. ₴
Ф1. Баланс,Баланс,1401,Рядок 1401,—,—,0,—,тис. ₴
Ф1. Баланс,Баланс,1405,Рядок 1405,—,—,0,—,тис. ₴
Ф1. Баланс,I. Власний капітал,1410,Капітал у дооцінках,155,39,27 301,27 301,тис. ₴
Ф1. Баланс,Баланс,1411,Рядок 1411,—,—,0,—,тис. ₴
Ф1. Баланс,Баланс,1412,Рядок 1412,—,—,0,—,тис. ₴
Ф1. Баланс,I. Власний капітал,1415,Додатковий капітал,—,—,0,—,тис. ₴
Ф1. Баланс,I. Власний капітал,1420,Нерозподілений прибуток (непокритий збиток),1 348 544,1 034 602,11 556 424,13 330 492,тис. ₴
Ф1. Баланс,I. Власний капітал,1425,Неоплачений капітал,—,—,0,—,тис. ₴
Ф1. Баланс,I. Власний капітал,1430,Вилучений капітал,—,—,0,—,тис. ₴
Ф1. Баланс,Баланс,1435,Рядок 1435,—,—,0,—,тис. ₴
Ф1. Баланс,I. Власний капітал,1495,Усього за розділом I (Власний капітал),1 357 699,1 043 641,11 588 379,13 362 447,тис. ₴
Ф1. Баланс,II. Довгострокові зобов’язання,1500,Відстрочені податкові зобов'язання,560,1 460,0,—,тис. ₴
Ф1. Баланс,Баланс,1505,Рядок 1505,—,—,0,—,тис. ₴
Ф1. Баланс,II. Довгострокові зобов’язання,1510,Довгострокові кредити банків,—,—,5 074 709,4 746 183,тис. ₴
Ф1. Баланс,II. Довгострокові зобов’язання,1515,Інші довгострокові зобов'язання,65 892,58 271,4 151 093,3 863 700,тис. ₴
Ф1. Баланс,II. Довгострокові зобов’язання,1520,Довгострокові забезпечення,—,—,0,—,тис. ₴
Ф1. Баланс,Баланс,1521,Рядок 1521,—,—,0,—,тис. ₴
Ф1. Баланс,Баланс,1525,Рядок 1525,—,—,0,—,тис. ₴
Ф1. Баланс,Баланс,1526,Рядок 1526,—,—,0,—,тис. ₴
Ф1. Баланс,Баланс,1530,Рядок 1530,—,—,0,—,тис. ₴
Ф1. Баланс,Баланс,1531,Рядок 1531,—,—,0,—,тис. ₴
Ф1. Баланс,Баланс,1532,Рядок 1532,—,—,0,—,тис. ₴
Ф1. Баланс,Баланс,1533,Рядок 1533,—,—,0,—,тис. ₴
Ф1. Баланс,Баланс,1534,Рядок 1534,—,—,0,—,тис. ₴
Ф1. Баланс,Баланс,1535,Рядок 1535,—,—,0,—,тис. ₴
Ф1. Баланс,Баланс,1540,Рядок 1540,—,—,0,—,тис. ₴
Ф1. Баланс,Баланс,1545,Рядок 1545,—,—,0,—,тис. ₴
Ф1. Баланс,II. Довгострокові зобов’язання,1595,Усього за розділом II (Довгострокові зобов'язання),66 452,59 731,9 225 802,8 609 883,тис. ₴
Ф1. Баланс,III. Поточні зобов'язання,1600,Короткострокові кредити банків,320 478,469 710,20 000,—,тис. ₴
Ф1. Баланс,Баланс,1605,Рядок 1605,—,—,0,—,тис. ₴
Ф1. Баланс,III. Поточні зобов'язання,1610,Поточна заборгованість за довгостроковими зобов'язаннями,100 671,36 547,5 179 333,5 208 247,тис. ₴
Ф1. Баланс,III. Поточні зобов'язання,1615,"Поточна кредиторська заборгованість за товари, роботи, послуги",467 568,657 733,2 019 060,2 281 515,тис. ₴
Ф1. Баланс,III. Поточні зобов'язання,1620,Поточна кредиторська заборгованість за розрахунками з бюджетом,8 109,27 822,1 004 547,1 220 540,тис. ₴
Ф1. Баланс,III. Поточні зобов'язання,1621,у тому числі з податку на прибуток,—,3 147,256 879,276 675,тис. ₴
Ф1. Баланс,III. Поточні зобов'язання,1625,Поточна кредиторська заборгованість зі страхування,—,457,121 389,174 499,тис. ₴
Ф1. Баланс,III. Поточні зобов'язання,1630,Поточна кредиторська заборгованість з оплати праці,17 142,22 309,728 202,939 644,тис. ₴
Ф1. Баланс,III. Поточні зобов'язання,1635,Поточна кредиторська заборгованість за одержаними авансами,300,5 559,111 013,146 691,тис. ₴
Ф1. Баланс,III. Поточні зобов'язання,1640,Поточна кредиторська заборгованість за розрахунками з учасниками,—,283 499,896 791,1 054 635,тис. ₴
Ф1. Баланс,Баланс,1645,Рядок 1645,—,—,0,—,тис. ₴
Ф1. Баланс,Баланс,1650,Рядок 1650,—,—,0,—,тис. ₴
Ф1. Баланс,III. Поточні зобов'язання,1660,Поточні забезпечення,42 975,55 364,682 720,809 644,тис. ₴
Ф1. Баланс,III. Поточні зобов'язання,1665,Доходи майбутніх періодів,—,—,0,—,тис. ₴
Ф1. Баланс,Баланс,1670,Рядок 1670,—,—,0,—,тис. ₴
Ф1. Баланс,III. Поточні зобов'язання,1690,Інші поточні зобов'язання,9 697,56 356,8 557,16 334,тис. ₴
Ф1. Баланс,III. Поточні зобов'язання,1695,Усього за розділом III (Поточні зобов'язання),966 940,1 615 356,10 771 612,11 851 749,тис. ₴
Ф1. Баланс,Баланс,1700,Рядок 1700,—,—,0,—,тис. ₴
Ф1. Баланс,Баланс,1800,Рядок 1800,—,—,0,—,тис. ₴
Ф1. Баланс,ПАСИВ,1900,БАЛАНС (ПАСИВИ),2 391 091,2 718 728,31 585 793,33 824 079,тис. ₴
Ф2. Звіт про фінрезультати,I. Фінансові результати,2000,"Чистий дохід від реалізації продукції (товарів, робіт, послуг)",5 335 858,6 249 313,44 541 772,54 153 003,тис. ₴
Ф2. Звіт про фінрезультати,Звіт про фінрезультати,2010,Рядок 2010,—,—,0,—,тис. ₴
Ф2. Звіт про фінрезультати,Звіт про фінрезультати,2011,Рядок 2011,—,—,0,—,тис. ₴
Ф2. Звіт про фінрезультати,Звіт про фінрезультати,2012,Рядок 2012,—,—,0,—,тис. ₴
Ф2. Звіт про фінрезультати,Звіт про фінрезультати,2013,Рядок 2013,—,—,0,—,тис. ₴
Ф2. Звіт про фінрезультати,Звіт про фінрезультати,2014,Рядок 2014,—,—,0,—,тис. ₴
Ф2. Звіт про фінрезультати,I. Фінансові результати,2050,"Собівартість реалізованої продукції (товарів, робіт, послуг)",3 896 492,4 707 547,34 686 346,42 745 978,тис. ₴
Ф2. Звіт про фінрезультати,Звіт про фінрезультати,2070,Рядок 2070,—,—,0,—,тис. ₴
Ф2. Звіт про фінрезультати,I. Фінансові результати,2090,Валовий прибуток,1 439 366,1 541 766,9 855 426,11 407 025,тис. ₴
Ф2. Звіт про фінрезультати,Звіт про фінрезультати,2105,Рядок 2105,—,—,0,—,тис. ₴
Ф2. Звіт про фінрезультати,Звіт про фінрезультати,2110,Рядок 2110,—,—,0,—,тис. ₴
Ф2. Звіт про фінрезультати,Звіт про фінрезультати,2111,Рядок 2111,—,—,0,—,тис. ₴
Ф2. Звіт про фінрезультати,Звіт про фінрезультати,2112,Рядок 2112,—,—,0,—,тис. ₴
Ф2. Звіт про фінрезультати,I. Фінансові результати,2120,Інші операційні доходи,17 054,12 432,769 352,1 063 635,тис. ₴
Ф2. Звіт про фінрезультати,Звіт про фінрезультати,2121,Рядок 2121,—,—,0,—,тис. ₴
Ф2. Звіт про фінрезультати,Звіт про фінрезультати,2122,Рядок 2122,—,—,0,—,тис. ₴
Ф2. Звіт про фінрезультати,Звіт про фінрезультати,2123,Рядок 2123,—,—,0,—,тис. ₴
Ф2. Звіт про фінрезультати,I. Фінансові результати,2130,Адміністративні витрати,211 744,267 632,4 186 782,4 468 859,тис. ₴
Ф2. Звіт про фінрезультати,I. Фінансові результати,2150,Витрати на збут,752 460,995 548,903 474,787 141,тис. ₴
Ф2. Звіт про фінрезультати,I. Фінансові результати,2180,Інші операційні витрати,98 867,93 194,1 380 919,1 988 268,тис. ₴
Ф2. Звіт про фінрезультати,Звіт про фінрезультати,2181,Рядок 2181,—,—,0,—,тис. ₴
Ф2. Звіт про фінрезультати,Звіт про фінрезультати,2182,Рядок 2182,—,—,0,—,тис. ₴
Ф2. Звіт про фінрезультати,I. Фінансові результати,2190,Фінансовий результат від операційної діяльності: прибуток,393 349,197 824,4 153 603,5 226 392,тис. ₴
Ф2. Звіт про фінрезультати,I. Фінансові результати,2200,Дохід від участі в капіталі,—,—,0,—,тис. ₴
Ф2. Звіт про фінрезультати,I. Фінансові результати,2220,Інші фінансові доходи,36,—,2 953 039,1 309 235,тис. ₴
Ф2. Звіт про фінрезультати,I. Фінансові результати,2240,Інші доходи,8 001,97,0,—,тис. ₴
Ф2. Звіт про фінрезультати,Звіт про фінрезультати,2241,Рядок 2241,—,—,0,—,тис. ₴
Ф2. Звіт про фінрезультати,I. Фінансові результати,2250,Фінансові витрати,57 096,73 640,2 034 444,2 191 241,тис. ₴
Ф2. Звіт про фінрезультати,I. Фінансові результати,2255,Втрати від участі в капіталі,—,—,0,—,тис. ₴
Ф2. Звіт про фінрезультати,I. Фінансові результати,2270,Інші витрати,6 397,8 645,2 235 561,1 134 038,тис. ₴
Ф2. Звіт про фінрезультати,Звіт про фінрезультати,2275,Рядок 2275,—,—,0,—,тис. ₴
Ф2. Звіт про фінрезультати,I. Фінансові результати,2290,Фінансовий результат до оподаткування: прибуток,337 893,115 636,2 836 637,3 210 348,тис. ₴
Ф2. Звіт про фінрезультати,I. Фінансові результати,2300,Витрати (дохід) з податку на прибуток,-61 206,-24 577,-336 306,-599 978,тис. ₴
Ф2. Звіт про фінрезультати,Звіт про фінрезультати,2305,Рядок 2305,—,—,0,—,тис. ₴
Ф2. Звіт про фінрезультати,I. Фінансові результати,2350,Чистий фінансовий результат: прибуток,276 687,91 059,2 500 331,2 610 370,тис. ₴
Ф2. Звіт про фінрезультати,II. Сукупний дохід,2400,Дооцінка (уцінка) необоротних активів,—,—,0,—,тис. ₴
Ф2. Звіт про фінрезультати,II. Сукупний дохід,2405,Дооцінка (уцінка) фінансових інструментів,—,—,0,—,тис. ₴
Ф2. Звіт про фінрезультати,II. Сукупний дохід,2410,Накопичені курсові різниці,—,—,0,—,тис. ₴
Ф2. Звіт про фінрезультати,Звіт про фінрезультати,2415,Рядок 2415,—,—,0,—,тис. ₴
Ф2. Звіт про фінрезультати,Звіт про фінрезультати,2445,Рядок 2445,—,—,0,—,тис. ₴
Ф2. Звіт про фінрезультати,Звіт про фінрезультати,2450,Рядок 2450,—,—,0,0,тис. ₴
Ф2. Звіт про фінрезультати,Звіт про фінрезультати,2455,Рядок 2455,—,—,0,—,тис. ₴
Ф2. Звіт про фінрезультати,Звіт про фінрезультати,2460,Рядок 2460,—,—,0,0,тис. ₴
Ф2. Звіт про фінрезультати,II. Сукупний дохід,2465,Сукупний дохід,276 687,91 059,2 500 331,2 610 370,тис. ₴
Ф2. Звіт про фінрезультати,III. Елементи витрат,2500,Матеріальні затрати,2 626 148,2 994 537,2 647 314,2 168 465,тис. ₴
Ф2. Звіт про фінрезультати,III. Елементи витрат,2505,Витрати на оплату праці,490 930,635 936,10 085 098,12 459 744,тис. ₴
Ф2. Звіт про фінрезультати,III. Елементи витрат,2510,Відрахування на соціальні заходи,92 237,119 311,2 036 899,2 582 896,тис. ₴
Ф2. Звіт про фінрезультати,III. Елементи витрат,2515,Амортизація,122 254,125 555,2 983 431,4 025 629,тис. ₴
Ф2. Звіт про фінрезультати,III. Елементи витрат,2520,Інші операційні витрати,830 973,1 073 418,23 404 779,28 753 512,тис. ₴
Ф2. Звіт про фінрезультати,III. Елементи витрат,2550,Разом операційні витрати,4 162 542,4 948 757,41 157 521,49 990 246,тис. ₴
Ф2. Звіт про фінрезультати,Звіт про фінрезультати,2650,Рядок 2650,—,—,0,—,тис. ₴
Ф3. Звіт про рух коштів,I. Операційна діяльність,3000,"Надходження від реалізації продукції (робіт, послуг)",6 085 832,7 206 237,—,—,тис. ₴
Ф3. Звіт про рух коштів,I. Операційна діяльність,3005,Повернення податків і зборів,662,380,—,—,тис. ₴
Ф3. Звіт про рух коштів,Звіт про рух грошових коштів,3006,Рядок 3006,110,63,—,—,тис. ₴
Ф3. Звіт про рух коштів,I. Операційна діяльність,3010,Цільове фінансування,3 944,815,—,—,тис. ₴
Ф3. Звіт про рух коштів,Звіт про рух грошових коштів,3011,Рядок 3011,83,499,—,—,тис. ₴
Ф3. Звіт про рух коштів,Звіт про рух грошових коштів,3020,Рядок 3020,7 414,10 016,—,—,тис. ₴
Ф3. Звіт про рух коштів,Звіт про рух грошових коштів,3025,Рядок 3025,320,719,—,—,тис. ₴
Ф3. Звіт про рух коштів,Звіт про рух грошових коштів,3035,Рядок 3035,4 086,43,—,—,тис. ₴
Ф3. Звіт про рух коштів,Звіт про рух грошових коштів,3040,Рядок 3040,292,18,—,—,тис. ₴
Ф3. Звіт про рух коштів,I. Операційна діяльність,3095,Інші операційні надходження,7 497,10 770,—,—,тис. ₴
Ф3. Звіт про рух коштів,I. Операційна діяльність,3100,"Витрачання на оплату товарів (робіт, послуг)",4 700 666,5 766 351,—,—,тис. ₴
Ф3. Звіт про рух коштів,I. Операційна діяльність,3105,Витрачання на оплату праці,394 248,479 443,—,—,тис. ₴
Ф3. Звіт про рух коштів,I. Операційна діяльність,3110,Відрахування на соціальні заходи,96 601,109 284,—,—,тис. ₴
Ф3. Звіт про рух коштів,I. Операційна діяльність,3115,Зобов'язання з податків і зборів,544 048,598 609,—,—,тис. ₴
Ф3. Звіт про рух коштів,Звіт про рух грошових коштів,3116,Рядок 3116,65 897,16 099,—,—,тис. ₴
Ф3. Звіт про рух коштів,Звіт про рух грошових коштів,3117,Рядок 3117,364 127,407 288,—,—,тис. ₴
Ф3. Звіт про рух коштів,Звіт про рух грошових коштів,3118,Рядок 3118,114 024,175 222,—,—,тис. ₴
Ф3. Звіт про рух коштів,Звіт про рух грошових коштів,3140,Рядок 3140,2 284,—,—,—,тис. ₴
Ф3. Звіт про рух коштів,Звіт про рух грошових коштів,3145,Рядок 3145,18 069,39 963,—,—,тис. ₴
Ф3. Звіт про рух коштів,I. Операційна діяльність,3190,Інші витрачання на операційну діяльність,45 744,70 700,—,—,тис. ₴
Ф3. Звіт про рух коштів,I. Операційна діяльність,3195,Чистий рух коштів від операційної діяльності,308 387,164 648,5 848 251,8 258 854,тис. ₴
Ф3. Звіт про рух коштів,II. Інвестиційна діяльність,3200,Надходження від реалізації фінансових інвестицій,—,—,436 381,390 000,тис. ₴
Ф3. Звіт про рух коштів,II. Інвестиційна діяльність,3205,Надходження від реалізації необоротних активів,3 637,3 614,21 288,193 342,тис. ₴
Ф3. Звіт про рух коштів,II. Інвестиційна діяльність,3215,Надходження від отриманих відсотків,—,—,108 374,214 698,тис. ₴
Ф3. Звіт про рух коштів,II. Інвестиційна діяльність,3220,Надходження від отриманих дивідендів,—,—,2 470 569,2 475 420,тис. ₴
Ф3. Звіт про рух коштів,Звіт про рух грошових коштів,3225,Рядок 3225,—,—,0,—,тис. ₴
Ф3. Звіт про рух коштів,II. Інвестиційна діяльність,3230,Надходження від погашення позик,—,—,562 400,1 802 480,тис. ₴
Ф3. Звіт про рух коштів,Звіт про рух грошових коштів,3235,Рядок 3235,—,—,0,—,тис. ₴
Ф3. Звіт про рух коштів,Звіт про рух грошових коштів,3250,Рядок 3250,8 000,—,0,—,тис. ₴
Ф3. Звіт про рух коштів,II. Інвестиційна діяльність,3255,Витрачання на придбання фінансових інвестицій,—,—,3 093 986,1 493 880,тис. ₴
Ф3. Звіт про рух коштів,II. Інвестиційна діяльність,3260,Витрачання на придбання необоротних активів,53 568,128 950,4 692 059,2 896 403,тис. ₴
Ф3. Звіт про рух коштів,Звіт про рух грошових коштів,3270,Рядок 3270,—,—,0,—,тис. ₴
Ф3. Звіт про рух коштів,II. Інвестиційна діяльність,3275,Витрачання на надання позик,—,—,396 533,1 817 130,тис. ₴
Ф3. Звіт про рух коштів,Звіт про рух грошових коштів,3280,Рядок 3280,—,—,0,—,тис. ₴
Ф3. Звіт про рух коштів,II. Інвестиційна діяльність,3290,Інші платежі від інвестиційної діяльності,—,—,272 935,16 774,тис. ₴
Ф3. Звіт про рух коштів,II. Інвестиційна діяльність,3295,Чистий рух коштів від інвестиційної діяльності,-41 931,-125 336,4 856 501,1 148 247,тис. ₴
Ф3. Звіт про рух коштів,Звіт про рух грошових коштів,3300,Рядок 3300,—,—,0,—,тис. ₴
Ф3. Звіт про рух коштів,III. Фінансова діяльність,3305,Надходження від власного капіталу / отримання позик,171 751,416 300,8 824 687,5 427 219,тис. ₴
Ф3. Звіт про рух коштів,Звіт про рух грошових коштів,3310,Рядок 3310,—,—,0,—,тис. ₴
Ф3. Звіт про рух коштів,III. Фінансова діяльність,3340,Інші фінансові надходження,39 514,112,0,—,тис. ₴
Ф3. Звіт про рух коштів,Звіт про рух грошових коштів,3345,Рядок 3345,—,—,0,—,тис. ₴
Ф3. Звіт про рух коштів,III. Фінансова діяльність,3350,Витрачання на погашення позик,101 774,312 837,4 198 770,6 347 750,тис. ₴
Ф3. Звіт про рух коштів,III. Фінансова діяльність,3355,Сплата дивідендів,189 804,99 287,407 397,678 458,тис. ₴
Ф3. Звіт про рух коштів,III. Фінансова діяльність,3360,Витрачання на викуп акцій / часток,49 391,55 851,1 327 977,1 431 259,тис. ₴
Ф3. Звіт про рух коштів,III. Фінансова діяльність,3365,Витрачання на виплату заборгованості з фінансової оренди (лізингу),43 535,42 639,2 084 645,2 798 502,тис. ₴
Ф3. Звіт про рух коштів,Звіт про рух грошових коштів,3370,Рядок 3370,—,—,0,—,тис. ₴
Ф3. Звіт про рух коштів,Звіт про рух грошових коштів,3375,Рядок 3375,—,—,0,—,тис. ₴
Ф3. Звіт про рух коштів,Звіт про рух грошових коштів,3390,Рядок 3390,40 352,8 828,0,—,тис. ₴
Ф3. Звіт про рух коштів,III. Фінансова діяльність,3395,Чистий рух коштів від фінансової діяльності,-213 591,-103 030,805 898,5 828 750,тис. ₴
Ф3. Звіт про рух коштів,Підсумок руху коштів,3400,Чистий рух грошових коштів за звітний період,52 865,-63 718,1 797 648,1 281 857,тис. ₴
Ф3. Звіт про рух коштів,Підсумок руху коштів,3405,Залишок коштів на початок року,14 250,66 978,1 079 267,2 902 009,тис. ₴
Ф3. Звіт про рух коштів,Підсумок руху коштів,3410,Вплив зміни валютних курсів на залишок коштів,-137,-6,25 094,11 420,тис. ₴
Ф3. Звіт про рух коштів,Підсумок руху коштів,3415,Залишок коштів на кінець року,66 978,3 254,2 902 009,4 195 286,тис. ₴
Ф3. Звіт про рух коштів,I. Операційна діяльність (непрямий),3500,Прибуток (збиток) від операційної діяльності до зміни в оборотних активах,—,—,2 836 637,3 210 348,тис. ₴
Ф3. Звіт про рух коштів,I. Операційна діяльність (непрямий),3505,Амортизація необоротних активів,—,—,2 983 431,4 025 629,тис. ₴
Ф3. Звіт про рух коштів,I. Операційна діяльність (непрямий),3510,Зменшення (збільшення) оборотних активів,—,—,-12 961,126 924,тис. ₴
Ф3. Звіт про рух коштів,I. Операційна діяльність (непрямий),3515,Збільшення (зменшення) поточних зобов'язань,—,—,-18 249,8 250,тис. ₴
Ф3. Звіт про рух коштів,I. Операційна діяльність (непрямий),3520,Чисті кошти від операційної діяльності до сплати податків,—,—,1 571 353,2 016 044,тис. ₴
Ф3. Звіт про рух коштів,Звіт про рух грошових коштів,3521,Рядок 3521,—,—,0,—,тис. ₴
Ф3. Звіт про рух коштів,Звіт про рух грошових коштів,3522,Рядок 3522,—,—,0,—,тис. ₴
Ф3. Звіт про рух коштів,Звіт про рух грошових коштів,3523,Рядок 3523,—,—,0,—,тис. ₴
Ф3. Звіт про рух коштів,Звіт про рух грошових коштів,3524,Рядок 3524,—,—,6 561,—,тис. ₴
Ф3. Звіт про рух коштів,Звіт про рух грошових коштів,3526,Рядок 3526,—,—,2 785,—,тис. ₴
Ф3. Звіт про рух коштів,Звіт про рух грошових коштів,3540,Рядок 3540,—,—,0,—,тис. ₴
Ф3. Звіт про рух коштів,Звіт про рух грошових коштів,3550,Рядок 3550,—,—,-1 748 027,1 377 097,тис. ₴
Ф3. Звіт про рух коштів,Звіт про рух грошових коштів,3551,Рядок 3551,—,—,16 100,75 493,тис. ₴
Ф3. Звіт про рух коштів,Звіт про рух грошових коштів,3552,Рядок 3552,—,—,0,—,тис. ₴
Ф3. Звіт про рух коштів,Звіт про рух грошових коштів,3553,Рядок 3553,—,—,-504 740,733 564,тис. ₴
Ф3. Звіт про рух коштів,Звіт про рух грошових коштів,3554,Рядок 3554,—,—,-1 259 387,568 040,тис. ₴
Ф3. Звіт про рух коштів,Звіт про рух грошових коштів,3556,Рядок 3556,—,—,0,—,тис. ₴
Ф3. Звіт про рух коштів,Звіт про рух грошових коштів,3557,Рядок 3557,—,—,0,—,тис. ₴
Ф3. Звіт про рух коштів,Звіт про рух грошових коштів,3560,Рядок 3560,—,—,496 968,879 859,тис. ₴
Ф3. Звіт про рух коштів,Звіт про рух грошових коштів,3561,Рядок 3561,—,—,91 770,375 670,тис. ₴
Ф3. Звіт про рух коштів,Звіт про рух грошових коштів,3562,Рядок 3562,—,—,205 858,196 197,тис. ₴
Ф3. Звіт про рух коштів,Звіт про рух грошових коштів,3563,Рядок 3563,—,—,36 267,53 110,тис. ₴
Ф3. Звіт про рух коштів,Звіт про рух грошових коштів,3564,Рядок 3564,—,—,132 444,211 442,тис. ₴
Ф3. Звіт про рух коштів,Звіт про рух грошових коштів,3566,Рядок 3566,—,—,0,—,тис. ₴
Ф3. Звіт про рух коштів,Звіт про рух грошових коштів,3567,Рядок 3567,—,—,30 629,43 440,тис. ₴
Ф3. Звіт про рух коштів,I. Операційна діяльність (непрямий),3570,Грошові кошти від операційної діяльності,—,—,6 109 152,8 889 957,тис. ₴
Ф3. Звіт про рух коштів,Звіт про рух грошових коштів,3580,Рядок 3580,—,—,260 901,631 103,тис. ₴
Ф3. Звіт про рух коштів,Звіт про рух грошових коштів,3585,Рядок 3585,—,—,0,—,тис. ₴
Ф4. Звіт про власний капітал,Власний капітал,4000,Залишок на початок року (рядок 4000),9 000 (Статутний),1 357 699 (Разом),4 654 (Статутний),11 588 379 (Разом),тис. ₴
Ф4. Звіт про власний капітал,Власний капітал,4005,Зміна облікової політики (рядок 4005),—,—,—,0 (Разом),тис. ₴
Ф4. Звіт про власний капітал,Власний капітал,4010,Виправлення помилок (рядок 4010),—,—,—,0 (Разом),тис. ₴
Ф4. Звіт про власний капітал,Власний капітал,4090,Інші зміни (рядок 4090),—,—,—,0 (Разом),тис. ₴
Ф4. Звіт про власний капітал,Власний капітал,4095,Скоригований залишок на початок року (рядок 4095),9 000 (Статутний),1 357 699 (Разом),4 654 (Статутний),11 588 379 (Разом),тис. ₴
Ф4. Звіт про власний капітал,Власний капітал,4100,Чистий прибуток (збиток) за звітний період (рядок 4100),—,91 058 (Разом),—,2 610 370 (Разом),тис. ₴
Ф4. Звіт про власний капітал,Власний капітал,4110,Рядок 4110,—,—,—,0 (Разом),тис. ₴
Ф4. Звіт про власний капітал,Власний капітал,4111,Рядок 4111,—,—,—,0 (Разом),тис. ₴
Ф4. Звіт про власний капітал,Власний капітал,4112,Рядок 4112,—,—,—,0 (Разом),тис. ₴
Ф4. Звіт про власний капітал,Власний капітал,4113,Рядок 4113,—,—,—,0 (Разом),тис. ₴
Ф4. Звіт про власний капітал,Власний капітал,4114,Рядок 4114,—,—,—,0 (Разом),тис. ₴
Ф4. Звіт про власний капітал,Власний капітал,4116,Рядок 4116,—,—,—,0 (Разом),тис. ₴
Ф4. Звіт про власний капітал,Власний капітал,4200,Розподіл прибутку: Виплати власникам / дивіденди (рядок 4200),—,-405 000 (Разом),—,-836 302 (Разом),тис. ₴
Ф4. Звіт про власний капітал,Власний капітал,4205,Спрямування прибутку до зареєстрованого капіталу (рядок 4205),—,—,—,0 (Разом),тис. ₴
Ф4. Звіт про власний капітал,Власний капітал,4210,Відрахування до резервного капіталу (рядок 4210),—,—,—,0 (Разом),тис. ₴
Ф4. Звіт про власний капітал,Власний капітал,4215,Рядок 4215,—,—,—,0 (Разом),тис. ₴
Ф4. Звіт про власний капітал,Власний капітал,4220,Внески учасників: Внески до капіталу (рядок 4220),—,—,—,0 (Разом),тис. ₴
Ф4. Звіт про власний капітал,Власний капітал,4225,Рядок 4225,—,—,—,0 (Разом),тис. ₴
Ф4. Звіт про власний капітал,Власний капітал,4240,Рядок 4240,—,—,—,0 (Разом),тис. ₴
Ф4. Звіт про власний капітал,Власний капітал,4245,Рядок 4245,—,—,—,0 (Разом),тис. ₴
Ф4. Звіт про власний капітал,Власний капітал,4260,Рядок 4260,—,—,—,0 (Разом),тис. ₴
Ф4. Звіт про власний капітал,Власний капітал,4265,Рядок 4265,—,—,—,0 (Разом),тис. ₴
Ф4. Звіт про власний капітал,Власний капітал,4270,Рядок 4270,—,—,—,0 (Разом),тис. ₴
Ф4. Звіт про власний капітал,Власний капітал,4275,Рядок 4275,—,—,—,0 (Разом),тис. ₴
Ф4. Звіт про власний капітал,Власний капітал,4280,Рядок 4280,—,—,—,0 (Разом),тис. ₴
Ф4. Звіт про власний капітал,Власний капітал,4290,Разом змін у капіталі (рядок 4290),—,-116 (Разом),—,0 (Разом),тис. ₴
Ф4. Звіт про власний капітал,Власний капітал,4291,Рядок 4291,—,—,—,0 (Разом),тис. ₴
Ф4. Звіт про власний капітал,Власний капітал,4295,Скоригований підсумок змін у капіталі (рядок 4295),—,-314 058 (Разом),0 (Статутний),1 774 068 (Разом),тис. ₴
Ф4. Звіт про власний капітал,Власний капітал,4300,Залишок на кінець року (рядок 4300),9 000 (Статутний),1 043 641 (Разом),4 654 (Статутний),13 362 447 (Разом),тис. ₴
Ф5. Примітки до річної звітності,I. Нематеріальні активи,A01,"Нематеріальні активи (початок року, первісна вартість)",—,—,—,0,тис. ₴
Ф5. Примітки до річної звітності,I. Нематеріальні активи,A03,"Авторське право та суміжні права (початок року, вартість)",—,78,—,644,тис. ₴
Ф5. Примітки до річної звітності,I. Нематеріальні активи,A07,"Програмне забезпечення (початок року, вартість)",—,3 596,—,262 421,тис. ₴
Ф5. Примітки до річної звітності,I. Нематеріальні активи,A08,"Разом нематеріальні активи (початок року, вартість)",—,3 734,—,274 050,тис. ₴
Ф5. Примітки до річної звітності,II. Основні засоби,A10,"Земельні ділянки (початок року, вартість)",—,—,—,578,тис. ₴
Ф5. Примітки до річної звітності,II. Основні засоби,A12,"Будинки, споруди та передавальні пристрої (початок року, вартість)",—,243 862,—,953 618,тис. ₴
Ф5. Примітки до річної звітності,XII. Податок на прибуток,A1240,Витрати з податку на прибуток,—,24 576,—,599 978,тис. ₴
Ф5. Примітки до річної звітності,II. Основні засоби,A13,"Машини та обладнання (початок року, вартість)",—,669 837,—,5 421 456,тис. ₴
Ф5. Примітки до річної звітності,XIII. Амортизація,A1300,Нарахована амортизація за звітний рік,—,99 929,—,4 025 629,тис. ₴
Ф5. Примітки до річної звітності,II. Основні засоби,A14,"Транспортні засоби (початок року, вартість)",—,27 167,—,762 614,тис. ₴
Ф5. Примітки до річної звітності,II. Основні засоби,A15,"Інструменти, прилади, інвентар (початок року, вартість)",—,14 724,—,105 392,тис. ₴
Ф5. Примітки до річної звітності,II. Основні засоби,A26,"Разом основні засоби (початок року, первісна вартість)",—,958 627,—,20 300 793,тис. ₴
Ф5. Примітки до річної звітності,III. Капітальні інвестиції,A29,Капітальні інвестиції (за звітний рік),—,62 044,—,4 022 991,тис. ₴
Ф5. Примітки до річної звітності,IV. Фінансові інвестиції,A44,Довгострокові фінансові інвестиції (в частки інших підприємств),—,16,—,220 378,тис. ₴
Ф5. Примітки до річної звітності,VI. Грошові кошти,A63,Гроші в касі на кінець року,—,97,—,—,тис. ₴
Ф5. Примітки до річної звітності,VI. Грошові кошти,A65,Гроші на поточних рахунках на кінець року,—,3 254,—,4 029 525,тис. ₴
Ф5. Примітки до річної звітності,VII. Забезпечення,A71,Забезпечення виплат персоналу (початок року),—,42 975,—,668 965,тис. ₴
Ф5. Примітки до річної звітності,VIII. Запаси,A80,Виробничі запаси на кінець року,—,236 299,—,118 423,тис. ₴
Ф5. Примітки до річної звітності,VIII. Запаси,A83,Готова продукція на кінець року,—,211 736,—,67 151,тис. ₴
Ф5. Примітки до річної звітності,VIII. Запаси,A92,Разом запаси на кінець року,—,805 604,—,473 387,тис. ₴
Ф5. Примітки до річної звітності,IX. Дебіторська заборгованість,A94,"Дебіторська заборгованість за товари, роботи, послуги",—,803 970,—,2 370 875,тис. ₴
Ф5. Примітки до річної звітності,I. Нематеріальні активи,B01,"Нематеріальні активи (початок року, знос)",—,—,—,0,тис. ₴
Ф5. Примітки до річної звітності,II. Основні засоби,B26,"Разом основні засоби (початок року, знос)",—,339 559,—,6 031 694,тис. ₴
Ф5. Примітки до річної звітності,III. Капітальні інвестиції,B34,Разом капітальні інвестиції на кінець року,—,68 772,—,1 118 305,тис. ₴
Ф5. Примітки до річної звітності,IV. Фінансові інвестиції,B49,Поточні фінансові інвестиції (еквіваленти),—,90 543,—,1 150 895,тис. ₴
Ф5. Примітки до річної звітності,V. Доходи і витрати,B54,Інші операційні доходи за рік,—,58 963,—,1 301 303,тис. ₴
Ф5. Примітки до річної звітності,V. Доходи і витрати,B60,Фінансові витрати за рік,—,6 265,—,—,тис. ₴
Ф5. Примітки до річної звітності,VII. Забезпечення,G71,Забезпечення виплат персоналу (кінець року),—,55 364,—,791 026,тис. ₴
Ф5. Примітки до річної звітності,I. Нематеріальні активи,L01,"Нематеріальні активи (кінець року, первісна вартість)",—,—,—,0,тис. ₴
Ф5. Примітки до річної звітності,I. Нематеріальні активи,L03,"Авторське право та суміжні права (кінець року, вартість)",—,317,—,1 421,тис. ₴
Ф5. Примітки до річної звітності,I. Нематеріальні активи,L07,"Програмне забезпечення (кінець року, вартість)",—,4 013,—,314 954,тис. ₴
Ф5. Примітки до річної звітності,I. Нематеріальні активи,L08,"Разом нематеріальні активи (кінець року, вартість)",—,4 371,—,327 360,тис. ₴
Ф5. Примітки до річної звітності,II. Основні засоби,L10,"Земельні ділянки (кінець року, вартість)",—,—,—,578,тис. ₴
Ф5. Примітки до річної звітності,II. Основні засоби,L12,"Будинки, споруди та передавальні пристрої (кінець року, вартість)",—,255 504,—,1 015 200,тис. ₴
Ф5. Примітки до річної звітності,II. Основні засоби,L13,"Машини та обладнання (кінець року, вартість)",—,685 985,—,7 341 086,тис. ₴
Ф5. Примітки до річної звітності,II. Основні засоби,L14,"Транспортні засоби (кінець року, вартість)",—,31 832,—,1 044 081,тис. ₴
Ф5. Примітки до річної звітності,II. Основні засоби,L15,"Інструменти, прилади, інвентар (кінець року, вартість)",—,15 826,—,128 749,тис. ₴
Ф5. Примітки до річної звітності,II. Основні засоби,L26,"Разом основні засоби (кінець року, первісна вартість)",—,993 652,—,25 076 971,тис. ₴
Ф5. Примітки до річної звітності,I. Нематеріальні активи,M01,"Нематеріальні активи (кінець року, знос)",—,—,—,0,тис. ₴
Ф5. Примітки до річної звітності,II. Основні засоби,M26,"Разом основні засоби (кінець року, знос)",—,414 506,—,8 776 554,тис. ₴
