Категорія,Показник (UA),Indicator (EN),Формула розрахунку / Рядок звітності,Одиниця виміру,Кормотех (Значення 2025),Кормотех (Динаміка %),Нова Пошта (Значення 2025),Нова Пошта (Динаміка %),Норматив / Орієнтир,Аналітичний коментар
Основні фінансові показники,Чистий дохід (Виручка),Revenue,Рядок 2000,тис. ₴,6 249 313,+17.1%,54 153 003,+21.6%,Зростання рік до року,Дохід Нової Пошти у ~8.7 разів перевищує дохід Кормотех; обидві компанії демонструють стабільне зростання виручки (+17.1% та +21.6%).
Основні фінансові показники,Чистий прибуток / збиток,Net Income,Рядок 2350/2355,тис. ₴,91 059,-67.1%,2 610 370,+4.4%,Зростання рік до року,"Обидві компанії прибуткові. Нова Пошта згенерувала 2.61 млрд ₴ чистого прибутку, Кормотех — 91.06 млн ₴."
Основні фінансові показники,Активи (Баланс),Assets,Рядок 1300,тис. ₴,2 718 728,+13.7%,33 824 079,+7.1%,Зростання рік до року,"Масштаб бізнесу Нової Пошти становить 33.8 млрд ₴ активів, Кормотех — 2.7 млрд ₴."
Основні фінансові показники,Власний капітал,Equity,Рядок 1495,тис. ₴,1 043 641,-23.1%,13 362 447,+15.3%,Зростання рік до року,Власний капітал Нової Пошти зріс на 15.3% за рік завдяки реінвестуванню прибутку.
Основні фінансові показники,Гроші та їх еквіваленти,Cash,Рядок 1165,тис. ₴,3 254,-95.1%,4 195 286,+44.6%,Зростання рік до року,Нова Пошта тримає високу грошову подушку (4.2 млрд ₴). У Кормотех значна частина коштів спрямована в операційну діяльність та розширення виробництва.
Основні фінансові показники,Довгострокові зобов’язання,Lt Debt,Рядок 1595,тис. ₴,59 731,-10.1%,8 609 883,-6.7%,Зростання рік до року,Довгострокові кредити та лізинг Нової Пошти становлять 8.6 млрд ₴; у Кормотех боргове навантаження є помірним (59.7 млн ₴).
Основні фінансові показники,Поточні зобов'язання,St Debt,Рядок 1695,тис. ₴,1 615 356,+67.1%,11 851 749,+10.0%,Зростання рік до року,Поточні зобов'язання покривають операційні розрахунки з контрагентами та клієнтами.
Ліквідність,Коефіцієнт поточної ліквідності,Current Ratio,рядок 1195 / рядок 1695,коефіцієнт,1.24,—,0.69,—,Норма > 1.0 — 2.0,Кормотех (1.24) знаходиться в межах норми (>1.0). У Нової Пошти (0.69) характерний для логістичних гігантів негативний робочий капітал із надшвидким обігом коштів.
Ліквідність,Коефіцієнт абсолютної ліквідності,Cash Ratio,(рядок 1160 + 1165) / рядок 1695,коефіцієнт,0.00,—,0.38,—,Норма > 0.2,"Нова Пошта має відмінну абсолютну ліквідність (0.38 при нормі >0.2), що дозволяє негайно розраховуватись за зобов'язаннями."
Ліквідність,Коефіцієнт швидкої ліквідності,Quick Ratio,(рядок 1195 - 1100) / рядок 1695,коефіцієнт,0.74,—,0.65,—,Норма > 0.7 — 1.0,Швидка ліквідність Кормотех 0.74 (норма >0.7); Нова Пошта має 0.65 без урахування запасів.
Фінансова стійкість,Коефіцієнт автономії,Equity Ratio,рядок 1495 / рядок 1900,коефіцієнт,0.38,—,0.40,—,Норма > 0.5 (оптимально > 0.35),Обидві компанії мають схожу та стійку структуру капіталу: ~38.4% (Кормотех) та 39.5% (Нова Пошта) активів профінансовано власним капіталом.
Рентабельність,Рентабельність активів (ROA),Return on Assets,(рядок 2350 / рядок 1900) × 100%,%,3.35%,—,7.72%,—,> 5% (вище середнього),Нова Пошта демонструє високу віддачу на активи (ROA 7.72% проти 3.35% у Кормотех).
Рентабельність,Рентабельність власного капіталу (ROE),Return on Equity,(рядок 2350 / рядок 1495) × 100%,%,8.73%,—,19.54%,—,> 15% (ефективне використання капіталу),"Рентабельність капіталу Нової Пошти сягає 19.54% (відмінний рівень >15%), Кормотех має стабільні 8.73%."
Рентабельність,Чиста маржа (Net Margin),Net Profit Margin,(рядок 2350 / рядок 2000) × 100%,%,1.46%,—,4.82%,—,> 5-10%,"Чиста маржинальність Нової Пошти становить 4.82%, у Кормотех — 1.46%."
Фінансова стійкість,Покриття необоротних активів власним капіталом,Capital Coverage Ratio,рядок 1495 / рядок 1095,коефіцієнт,1.45,—,0.52,—,Норма > 1.0,Власний капітал Кормотех повністю перекриває необоротні активи (1.45 при нормі >1.0).
Фінансова стійкість,Коефіцієнт заборгованості,Debt to Assets Ratio,рядок 1695 / рядок 1300,коефіцієнт,0.59,—,0.35,—,Норма < 0.5 — 0.7,Співвідношення поточних зобов'язань до балансу становить 0.59 для Кормотех та 0.35 для Нової Пошти.
